text,createdAt
"Honestly, My experience working at Microsoft has been average so far in recent months.",2024-03-03
"Honestly, Microsoft offers good work life balance and flexibility for most employees.",2024-01-23
"In my experience, My experience working at Microsoft has been average so far overall.",2024-02-25
"Currently, Working at Microsoft has been a great learning experience based on my experience.",2024-06-15
"Personally, Some teams at Microsoft are better than others these days.",2024-05-30
"Personally, Working at Microsoft has been a great learning experience these days.",2024-03-28
"As an employee, Great benefits and compensation at Microsoft overall.",2024-01-24
"As an employee, Microsoft provides strong engineering standards for most employees.",2024-03-08
"From what I see, Job stress at Microsoft has risen after restructuring for most employees.",2024-02-01
"In my experience, Burnout is becoming common among Microsoft employees for most employees.",2024-03-16
"As an employee, Poor communication from management at Microsoft for most employees.",2024-02-19
"Honestly, My experience working at Microsoft has been average so far based on my experience.",2024-03-15
"Personally, Work life balance at Microsoft could be better overall.",2024-04-07
"Personally, Microsoft provides strong engineering standards in recent months.",2024-03-31
"Honestly, I enjoy collaborating with talented colleagues at Microsoft overall.",2024-06-04
"Honestly, Workload at Microsoft varies by role based on my experience.",2024-02-11
"Honestly, Overall experience at Microsoft is acceptable for most employees.",2024-02-26
"In my experience, Employee experience at Microsoft depends on management based on my experience.",2024-01-09
"As an employee, Burnout is becoming common among Microsoft employees overall.",2024-02-24
"Honestly, Poor communication from management at Microsoft in recent months.",2024-02-24
"Honestly, Some teams at Microsoft are better than others these days.",2024-02-06
"Honestly, Great benefits and compensation at Microsoft for most employees.",2024-05-17
"Currently, Career growth opportunities at Microsoft are solid these days.",2024-04-02
"Currently, The team culture at Microsoft is supportive and inclusive these days.",2024-01-24
"In my experience, Work life balance at Microsoft could be better based on my experience.",2024-06-09
"Currently, Career growth opportunities at Microsoft are solid overall.",2024-04-08
"Currently, Leadership encourages innovation and ownership at Microsoft in recent months.",2024-05-21
"Honestly, Work pressure at Microsoft has increased recently overall.",2024-06-23
"As an employee, Work life balance at Microsoft could be better in recent months.",2024-01-29
"From what I see, The team culture at Microsoft is supportive and inclusive overall.",2024-03-08
"Personally, Work life balance at Microsoft could be better for most employees.",2024-01-28
"Honestly, Management decisions at Microsoft are frustrating for most employees.",2024-06-04
"Personally, Microsoft provides strong engineering standards for most employees.",2024-05-15
"As an employee, Poor communication from management at Microsoft these days.",2024-01-05
"As an employee, Microsoft provides strong engineering standards based on my experience.",2024-01-15
"In my experience, Microsoft offers good work life balance and flexibility these days.",2024-01-18
"Personally, Poor communication from management at Microsoft based on my experience.",2024-06-17
"Personally, Workload at Microsoft varies by role in recent months.",2024-05-15
"Personally, Burnout is becoming common among Microsoft employees for most employees.",2024-06-25
"From what I see, I enjoy collaborating with talented colleagues at Microsoft in recent months.",2024-04-22
"In my experience, Burnout is becoming common among Microsoft employees based on my experience.",2024-02-27
"Currently, Working at Microsoft has been a great learning experience for most employees.",2024-02-28
"In my experience, My experience working at Microsoft has been average so far overall.",2024-02-28
"As an employee, Working at Microsoft has been a great learning experience overall.",2024-05-11
"Personally, Leadership encourages innovation and ownership at Microsoft for most employees.",2024-02-03
"Currently, Workload at Microsoft varies by role these days.",2024-03-03
"From what I see, Work life balance at Microsoft could be better based on my experience.",2024-01-25
"As an employee, Career growth opportunities at Microsoft are solid these days.",2024-04-15
"In my experience, Microsoft offers stability but growth can be slow overall.",2024-01-16
"In my experience, Overall experience at Microsoft is acceptable based on my experience.",2024-02-19
"Personally, Leadership encourages innovation and ownership at Microsoft these days.",2024-02-16
"In my experience, Great benefits and compensation at Microsoft these days.",2024-05-20
"In my experience, Working at Microsoft has been a great learning experience based on my experience.",2024-02-12
"Personally, Some teams at Microsoft are better than others these days.",2024-01-16
"From what I see, Working at Microsoft has been a great learning experience in recent months.",2024-04-26
"Personally, Leadership encourages innovation and ownership at Microsoft based on my experience.",2024-03-16
"Currently, Working at Microsoft has been a great learning experience for most employees.",2024-01-16
"In my experience, My experience working at Microsoft has been average so far for most employees.",2024-05-02
"Currently, Employee experience at Microsoft depends on management based on my experience.",2024-01-15
"Personally, Work pressure at Microsoft has increased recently overall.",2024-06-01
"From what I see, Great benefits and compensation at Microsoft overall.",2024-05-25
"Currently, Working at Microsoft has been a great learning experience overall.",2024-04-17
"Currently, Workload at Microsoft varies by role in recent months.",2024-03-07
"Personally, Microsoft provides strong engineering standards in recent months.",2024-04-11
"From what I see, I enjoy collaborating with talented colleagues at Microsoft in recent months.",2024-01-19
"In my experience, Microsoft offers good work life balance and flexibility for most employees.",2024-02-24
"As an employee, Microsoft work culture depends a lot on the team overall.",2024-03-03
"From what I see, The team culture at Microsoft is supportive and inclusive for most employees.",2024-06-29
"Honestly, Working at Microsoft has been a great learning experience for most employees.",2024-03-17
"Personally, Work pressure at Microsoft has increased recently in recent months.",2024-01-30
"Currently, Job stress at Microsoft has risen after restructuring based on my experience.",2024-03-10
"Honestly, Great benefits and compensation at Microsoft in recent months.",2024-02-22
"As an employee, Employee experience at Microsoft depends on management for most employees.",2024-05-05
"In my experience, Working at Microsoft has been a great learning experience these days.",2024-03-11
"Personally, Microsoft provides strong engineering standards in recent months.",2024-02-11
"Honestly, Workload at Microsoft varies by role these days.",2024-05-23
"Honestly, Microsoft offers good work life balance and flexibility based on my experience.",2024-05-19
"Currently, Microsoft provides strong engineering standards for most employees.",2024-02-07
"As an employee, My experience working at Microsoft has been average so far in recent months.",2024-01-11
"Honestly, Microsoft layoffs have affected employee morale based on my experience.",2024-06-19
"Currently, Career growth opportunities at Microsoft are solid based on my experience.",2024-03-01
"Personally, Work life balance at Microsoft could be better these days.",2024-01-07
"From what I see, Microsoft provides strong engineering standards based on my experience.",2024-03-09
"From what I see, Microsoft offers good work life balance and flexibility overall.",2024-04-30
"As an employee, Leadership encourages innovation and ownership at Microsoft in recent months.",2024-02-28
"From what I see, Great benefits and compensation at Microsoft in recent months.",2024-03-12
"As an employee, Work life balance at Microsoft could be better in recent months.",2024-06-13
"Currently, Microsoft offers stability but growth can be slow in recent months.",2024-01-08
"Personally, I enjoy collaborating with talented colleagues at Microsoft for most employees.",2024-03-08
"As an employee, Career growth opportunities at Microsoft are solid in recent months.",2024-04-21
"In my experience, Workload at Microsoft varies by role these days.",2024-05-27
"Honestly, Working at Microsoft has been a great learning experience these days.",2024-01-01
"Currently, Employee experience at Microsoft depends on management based on my experience.",2024-04-03
"As an employee, Microsoft offers stability but growth can be slow for most employees.",2024-03-21
"Honestly, My experience working at Microsoft has been average so far in recent months.",2024-05-09
"As an employee, Career growth opportunities at Microsoft are solid these days.",2024-06-27
"Personally, The team culture at Microsoft is supportive and inclusive these days.",2024-06-19
"Honestly, Job stress at Microsoft has risen after restructuring based on my experience.",2024-06-06
"Currently, Some teams at Microsoft are better than others overall.",2024-03-18
"Currently, Career growth opportunities at Microsoft are solid for most employees.",2024-06-16
"From what I see, Leadership encourages innovation and ownership at Microsoft based on my experience.",2024-05-10
"Honestly, Employee experience at Microsoft depends on management based on my experience.",2024-06-17
"In my experience, Microsoft provides strong engineering standards based on my experience.",2024-06-21
"Personally, Great benefits and compensation at Microsoft overall.",2024-01-12
"Currently, Leadership encourages innovation and ownership at Microsoft overall.",2024-04-26
"Currently, Microsoft offers stability but growth can be slow based on my experience.",2024-06-27
"Personally, Career growth opportunities at Microsoft are solid based on my experience.",2024-06-16
"In my experience, Employee experience at Microsoft depends on management these days.",2024-02-26
"In my experience, Leadership encourages innovation and ownership at Microsoft for most employees.",2024-03-04
"From what I see, Work pressure at Microsoft has increased recently based on my experience.",2024-04-28
"Currently, Workload at Microsoft varies by role in recent months.",2024-04-23
"Currently, Microsoft offers stability but growth can be slow these days.",2024-05-20
"Honestly, Microsoft work culture depends a lot on the team these days.",2024-04-25
"Honestly, Great benefits and compensation at Microsoft in recent months.",2024-05-13
"As an employee, Microsoft work culture depends a lot on the team these days.",2024-01-20
"As an employee, Microsoft work culture depends a lot on the team in recent months.",2024-03-22
"Personally, Work pressure at Microsoft has increased recently based on my experience.",2024-02-29
"Honestly, The team culture at Microsoft is supportive and inclusive based on my experience.",2024-01-17
"Currently, Overall experience at Microsoft is acceptable these days.",2024-04-16
"From what I see, Career growth opportunities at Microsoft are solid for most employees.",2024-06-27
"From what I see, Career growth opportunities at Microsoft are solid overall.",2024-03-31
"From what I see, Career growth opportunities at Microsoft are solid for most employees.",2024-05-19
"From what I see, Microsoft layoffs have affected employee morale based on my experience.",2024-03-10
"From what I see, My experience working at Microsoft has been average so far in recent months.",2024-06-20
"Honestly, Some teams at Microsoft are better than others based on my experience.",2024-04-29
"Currently, Poor communication from management at Microsoft overall.",2024-04-10
"In my experience, Microsoft offers stability but growth can be slow overall.",2024-06-13
"From what I see, Employee experience at Microsoft depends on management based on my experience.",2024-01-13
"Personally, Microsoft provides strong engineering standards these days.",2024-03-24
"As an employee, Career growth opportunities at Microsoft are solid these days.",2024-03-05
"In my experience, Burnout is becoming common among Microsoft employees for most employees.",2024-01-14
"Personally, Management decisions at Microsoft are frustrating overall.",2024-06-15
"Personally, Working at Microsoft has been a great learning experience based on my experience.",2024-01-06
"Personally, Microsoft work culture depends a lot on the team these days.",2024-06-20
"From what I see, Great benefits and compensation at Microsoft in recent months.",2024-04-04
"Personally, Microsoft offers good work life balance and flexibility in recent months.",2024-01-28
"Currently, Overall experience at Microsoft is acceptable these days.",2024-04-11
"In my experience, Microsoft layoffs have affected employee morale for most employees.",2024-06-25
"In my experience, Microsoft layoffs have affected employee morale in recent months.",2024-06-24
"Currently, My experience working at Microsoft has been average so far overall.",2024-03-29
"As an employee, Microsoft offers stability but growth can be slow overall.",2024-05-09
"From what I see, My experience working at Microsoft has been average so far these days.",2024-01-28
"Honestly, Overall experience at Microsoft is acceptable these days.",2024-02-09
"Currently, Microsoft offers stability but growth can be slow in recent months.",2024-06-06
"From what I see, Poor communication from management at Microsoft these days.",2024-04-21
"As an employee, Poor communication from management at Microsoft in recent months.",2024-03-03
"As an employee, Work pressure at Microsoft has increased recently these days.",2024-03-03
"Currently, Poor communication from management at Microsoft these days.",2024-03-27
"Personally, Microsoft provides strong engineering standards these days.",2024-02-24
"As an employee, I enjoy collaborating with talented colleagues at Microsoft in recent months.",2024-06-01
"Currently, Overall experience at Microsoft is acceptable overall.",2024-05-12
"Personally, Work pressure at Microsoft has increased recently these days.",2024-05-05
"Honestly, Microsoft work culture depends a lot on the team these days.",2024-06-14
"In my experience, Some teams at Microsoft are better than others overall.",2024-03-16
"As an employee, Great benefits and compensation at Microsoft for most employees.",2024-04-04
"As an employee, Workload at Microsoft varies by role these days.",2024-05-20
"As an employee, Leadership encourages innovation and ownership at Microsoft in recent months.",2024-03-05
"As an employee, Great benefits and compensation at Microsoft overall.",2024-05-17
"Personally, Job stress at Microsoft has risen after restructuring based on my experience.",2024-02-25
"Honestly, Overall experience at Microsoft is acceptable for most employees.",2024-05-14
"Personally, My experience working at Microsoft has been average so far in recent months.",2024-02-28
"In my experience, I enjoy collaborating with talented colleagues at Microsoft for most employees.",2024-02-02
"Currently, Working at Microsoft has been a great learning experience in recent months.",2024-06-27
"From what I see, Job stress at Microsoft has risen after restructuring overall.",2024-01-04
"From what I see, Some teams at Microsoft are better than others these days.",2024-03-28
"As an employee, Working at Microsoft has been a great learning experience these days.",2024-01-30
"From what I see, Burnout is becoming common among Microsoft employees overall.",2024-05-27
"Personally, My experience working at Microsoft has been average so far based on my experience.",2024-05-24
"Personally, Work pressure at Microsoft has increased recently overall.",2024-05-22
"Currently, Poor communication from management at Microsoft for most employees.",2024-02-27
"From what I see, Burnout is becoming common among Microsoft employees these days.",2024-03-17
"As an employee, Burnout is becoming common among Microsoft employees for most employees.",2024-06-07
"Personally, Microsoft offers good work life balance and flexibility based on my experience.",2024-03-08
"Personally, Microsoft work culture depends a lot on the team based on my experience.",2024-05-21
"From what I see, Working at Microsoft has been a great learning experience these days.",2024-06-25
"In my experience, Overall experience at Microsoft is acceptable based on my experience.",2024-03-14
"From what I see, Microsoft offers stability but growth can be slow overall.",2024-06-24
"Honestly, I enjoy collaborating with talented colleagues at Microsoft for most employees.",2024-06-18
"From what I see, Microsoft layoffs have affected employee morale overall.",2024-05-19
"As an employee, The team culture at Microsoft is supportive and inclusive based on my experience.",2024-01-19
"Currently, I enjoy collaborating with talented colleagues at Microsoft for most employees.",2024-03-14
"Honestly, Some teams at Microsoft are better than others in recent months.",2024-06-28
"Currently, Overall experience at Microsoft is acceptable for most employees.",2024-05-06
"In my experience, Workload at Microsoft varies by role these days.",2024-03-23
"In my experience, My experience working at Microsoft has been average so far based on my experience.",2024-06-21
"Currently, Poor communication from management at Microsoft overall.",2024-06-21
"In my experience, Poor communication from management at Microsoft based on my experience.",2024-04-30
"As an employee, Some teams at Microsoft are better than others based on my experience.",2024-05-29
"From what I see, Employee experience at Microsoft depends on management overall.",2024-04-30
"As an employee, Microsoft provides strong engineering standards overall.",2024-02-11
"As an employee, Leadership encourages innovation and ownership at Microsoft these days.",2024-05-20
"As an employee, Microsoft offers good work life balance and flexibility in recent months.",2024-03-23
"Currently, Career growth opportunities at Microsoft are solid overall.",2024-06-17
"From what I see, Burnout is becoming common among Microsoft employees overall.",2024-02-18
"From what I see, Workload at Microsoft varies by role these days.",2024-01-14
"As an employee, The team culture at Microsoft is supportive and inclusive these days.",2024-06-27
"Honestly, My experience working at Microsoft has been average so far for most employees.",2024-03-02
"Currently, Overall experience at Microsoft is acceptable overall.",2024-05-21
"In my experience, Microsoft work culture depends a lot on the team these days.",2024-01-31
"From what I see, Microsoft work culture depends a lot on the team in recent months.",2024-05-10
"From what I see, Some teams at Microsoft are better than others these days.",2024-03-03
"From what I see, Microsoft work culture depends a lot on the team based on my experience.",2024-06-02
"In my experience, Microsoft work culture depends a lot on the team in recent months.",2024-04-16
"In my experience, I enjoy collaborating with talented colleagues at Microsoft in recent months.",2024-03-17
"Honestly, Poor communication from management at Microsoft these days.",2024-02-08
"As an employee, Some teams at Microsoft are better than others in recent months.",2024-05-21
"From what I see, Burnout is becoming common among Microsoft employees in recent months.",2024-02-18
"Currently, Microsoft layoffs have affected employee morale these days.",2024-02-29
"In my experience, Burnout is becoming common among Microsoft employees in recent months.",2024-05-01
"From what I see, Employee experience at Microsoft depends on management these days.",2024-06-18
"Personally, Job stress at Microsoft has risen after restructuring these days.",2024-01-10
"In my experience, Microsoft provides strong engineering standards these days.",2024-01-26
"In my experience, Some teams at Microsoft are better than others based on my experience.",2024-04-14
"In my experience, Microsoft layoffs have affected employee morale these days.",2024-03-08
"Honestly, Career growth opportunities at Microsoft are solid overall.",2024-03-25
"Currently, Work life balance at Microsoft could be better these days.",2024-03-22
"From what I see, Employee experience at Microsoft depends on management for most employees.",2024-01-10
"Honestly, Microsoft work culture depends a lot on the team in recent months.",2024-02-28
"In my experience, Some teams at Microsoft are better than others overall.",2024-04-23
"In my experience, I enjoy collaborating with talented colleagues at Microsoft overall.",2024-03-24
"As an employee, Management decisions at Microsoft are frustrating in recent months.",2024-04-20
"Currently, Career growth opportunities at Microsoft are solid based on my experience.",2024-02-13
"Currently, Career growth opportunities at Microsoft are solid based on my experience.",2024-05-07
"Personally, Microsoft layoffs have affected employee morale these days.",2024-06-12
"Honestly, I enjoy collaborating with talented colleagues at Microsoft overall.",2024-04-29
"Currently, Job stress at Microsoft has risen after restructuring based on my experience.",2024-01-19
"Currently, Overall experience at Microsoft is acceptable in recent months.",2024-06-12
"As an employee, Job stress at Microsoft has risen after restructuring these days.",2024-03-18
"From what I see, Career growth opportunities at Microsoft are solid overall.",2024-03-01
"Currently, Microsoft provides strong engineering standards in recent months.",2024-06-28
"As an employee, Career growth opportunities at Microsoft are solid overall.",2024-05-24
"Honestly, Work life balance at Microsoft could be better overall.",2024-06-04
"As an employee, Employee experience at Microsoft depends on management based on my experience.",2024-06-04
"Honestly, Microsoft layoffs have affected employee morale based on my experience.",2024-06-07
"Honestly, The team culture at Microsoft is supportive and inclusive overall.",2024-06-09
"From what I see, Overall experience at Microsoft is acceptable overall.",2024-05-28
"In my experience, The team culture at Microsoft is supportive and inclusive in recent months.",2024-03-24
"Personally, Microsoft work culture depends a lot on the team based on my experience.",2024-05-18
"Currently, Management decisions at Microsoft are frustrating for most employees.",2024-03-10
"From what I see, Management decisions at Microsoft are frustrating in recent months.",2024-03-27
"In my experience, Burnout is becoming common among Microsoft employees based on my experience.",2024-02-27
"Honestly, Job stress at Microsoft has risen after restructuring these days.",2024-05-22
"In my experience, Career growth opportunities at Microsoft are solid in recent months.",2024-05-17
"Honestly, Microsoft provides strong engineering standards in recent months.",2024-05-29
"In my experience, Microsoft provides strong engineering standards based on my experience.",2024-04-30
"Currently, Microsoft provides strong engineering standards based on my experience.",2024-06-14
"Honestly, Leadership encourages innovation and ownership at Microsoft in recent months.",2024-06-15
"In my experience, Microsoft work culture depends a lot on the team overall.",2024-03-18
"In my experience, Work pressure at Microsoft has increased recently based on my experience.",2024-05-17
"As an employee, Leadership encourages innovation and ownership at Microsoft for most employees.",2024-04-17
"Personally, Microsoft offers stability but growth can be slow these days.",2024-06-16
"Currently, Leadership encourages innovation and ownership at Microsoft these days.",2024-03-12
"Personally, Microsoft provides strong engineering standards these days.",2024-04-23
"As an employee, Work life balance at Microsoft could be better overall.",2024-06-24
"In my experience, Microsoft provides strong engineering standards these days.",2024-03-11
"From what I see, Microsoft offers good work life balance and flexibility overall.",2024-06-18
"In my experience, Working at Microsoft has been a great learning experience in recent months.",2024-03-03
"Currently, Work life balance at Microsoft could be better based on my experience.",2024-01-18
"Personally, Poor communication from management at Microsoft for most employees.",2024-02-25
"As an employee, Microsoft layoffs have affected employee morale based on my experience.",2024-06-01
"Personally, The team culture at Microsoft is supportive and inclusive for most employees.",2024-03-05
"Honestly, Work pressure at Microsoft has increased recently overall.",2024-02-03
"Currently, Great benefits and compensation at Microsoft in recent months.",2024-01-05
"Personally, Working at Microsoft has been a great learning experience these days.",2024-05-14
"From what I see, Microsoft offers good work life balance and flexibility these days.",2024-04-02
"From what I see, My experience working at Microsoft has been average so far for most employees.",2024-02-26
"Honestly, Work pressure at Microsoft has increased recently for most employees.",2024-03-18
"In my experience, My experience working at Microsoft has been average so far these days.",2024-04-12
"From what I see, My experience working at Microsoft has been average so far these days.",2024-01-19
"Currently, Management decisions at Microsoft are frustrating based on my experience.",2024-01-17
"From what I see, Microsoft provides strong engineering standards for most employees.",2024-05-15
"In my experience, Career growth opportunities at Microsoft are solid overall.",2024-06-16
"Currently, Employee experience at Microsoft depends on management based on my experience.",2024-04-20
"From what I see, Microsoft work culture depends a lot on the team in recent months.",2024-04-26
"As an employee, Microsoft offers good work life balance and flexibility these days.",2024-03-21
"Personally, Overall experience at Microsoft is acceptable these days.",2024-01-18
"In my experience, Microsoft offers good work life balance and flexibility these days.",2024-01-25
"Personally, Overall experience at Microsoft is acceptable for most employees.",2024-01-16
"Currently, Workload at Microsoft varies by role in recent months.",2024-06-20
"Honestly, Microsoft provides strong engineering standards these days.",2024-01-14
"As an employee, Poor communication from management at Microsoft in recent months.",2024-01-27
"Personally, Microsoft work culture depends a lot on the team these days.",2024-02-27
"Currently, Management decisions at Microsoft are frustrating in recent months.",2024-01-30
"Personally, Poor communication from management at Microsoft these days.",2024-05-23
"Currently, Work life balance at Microsoft could be better for most employees.",2024-06-21
"Currently, My experience working at Microsoft has been average so far in recent months.",2024-01-08
"As an employee, I enjoy collaborating with talented colleagues at Microsoft in recent months.",2024-01-02
"Currently, The team culture at Microsoft is supportive and inclusive these days.",2024-01-18
"In my experience, Working at Microsoft has been a great learning experience for most employees.",2024-02-25
"As an employee, Leadership encourages innovation and ownership at Microsoft based on my experience.",2024-04-04
"Currently, Microsoft provides strong engineering standards for most employees.",2024-01-22
"Personally, Microsoft layoffs have affected employee morale for most employees.",2024-01-13
"From what I see, Overall experience at Microsoft is acceptable these days.",2024-05-04
"As an employee, Some teams at Microsoft are better than others based on my experience.",2024-05-11
"In my experience, Career growth opportunities at Microsoft are solid in recent months.",2024-06-22
"Currently, Some teams at Microsoft are better than others in recent months.",2024-01-12
"In my experience, Working at Microsoft has been a great learning experience based on my experience.",2024-03-18
"Personally, Work life balance at Microsoft could be better in recent months.",2024-03-15
"From what I see, Working at Microsoft has been a great learning experience these days.",2024-02-14
"Currently, Great benefits and compensation at Microsoft for most employees.",2024-06-20
"From what I see, Work pressure at Microsoft has increased recently overall.",2024-04-21
"As an employee, Microsoft offers good work life balance and flexibility for most employees.",2024-04-19
"Honestly, Microsoft offers stability but growth can be slow these days.",2024-03-15
"As an employee, Working at Microsoft has been a great learning experience based on my experience.",2024-06-07
"As an employee, Microsoft offers stability but growth can be slow overall.",2024-04-21
"From what I see, Microsoft layoffs have affected employee morale for most employees.",2024-04-12
"As an employee, Some teams at Microsoft are better than others in recent months.",2024-02-26
"In my experience, The team culture at Microsoft is supportive and inclusive for most employees.",2024-06-11
"As an employee, Great benefits and compensation at Microsoft in recent months.",2024-06-14
"In my experience, Microsoft layoffs have affected employee morale based on my experience.",2024-03-06
"Honestly, The team culture at Microsoft is supportive and inclusive overall.",2024-02-15
"From what I see, Job stress at Microsoft has risen after restructuring these days.",2024-05-24
"Honestly, Burnout is becoming common among Microsoft employees for most employees.",2024-06-13
"As an employee, Workload at Microsoft varies by role in recent months.",2024-02-08
"From what I see, Some teams at Microsoft are better than others in recent months.",2024-03-11
"Currently, Overall experience at Microsoft is acceptable overall.",2024-03-20
"In my experience, My experience working at Microsoft has been average so far in recent months.",2024-03-14
"Currently, Microsoft offers good work life balance and flexibility for most employees.",2024-05-09
"From what I see, Working at Microsoft has been a great learning experience for most employees.",2024-06-15
"Currently, Leadership encourages innovation and ownership at Microsoft based on my experience.",2024-01-16
"As an employee, Employee experience at Microsoft depends on management overall.",2024-05-09
"Personally, My experience working at Microsoft has been average so far these days.",2024-04-22
"Personally, Workload at Microsoft varies by role in recent months.",2024-04-05
"From what I see, Burnout is becoming common among Microsoft employees in recent months.",2024-06-22
"Honestly, Employee experience at Microsoft depends on management in recent months.",2024-01-17
"As an employee, Career growth opportunities at Microsoft are solid in recent months.",2024-06-17
"Personally, Poor communication from management at Microsoft in recent months.",2024-01-21
"As an employee, Microsoft work culture depends a lot on the team in recent months.",2024-06-16
"Personally, Some teams at Microsoft are better than others for most employees.",2024-01-22
"Honestly, Career growth opportunities at Microsoft are solid in recent months.",2024-02-02
"Honestly, Employee experience at Microsoft depends on management for most employees.",2024-01-24
"Currently, Some teams at Microsoft are better than others in recent months.",2024-01-05
"Personally, The team culture at Microsoft is supportive and inclusive in recent months.",2024-05-04
"Personally, The team culture at Microsoft is supportive and inclusive overall.",2024-03-16
"Currently, Work pressure at Microsoft has increased recently for most employees.",2024-05-14
"Currently, Microsoft provides strong engineering standards based on my experience.",2024-06-01
"Personally, The team culture at Microsoft is supportive and inclusive for most employees.",2024-02-12
"From what I see, My experience working at Microsoft has been average so far in recent months.",2024-06-22
"Currently, Some teams at Microsoft are better than others in recent months.",2024-04-24
"As an employee, Great benefits and compensation at Microsoft these days.",2024-02-19
"From what I see, Leadership encourages innovation and ownership at Microsoft in recent months.",2024-04-07
"Personally, Some teams at Microsoft are better than others based on my experience.",2024-06-03
"In my experience, I enjoy collaborating with talented colleagues at Microsoft these days.",2024-04-05
"Honestly, My experience working at Microsoft has been average so far for most employees.",2024-02-01
"As an employee, The team culture at Microsoft is supportive and inclusive these days.",2024-05-11
"In my experience, Career growth opportunities at Microsoft are solid based on my experience.",2024-04-25
"From what I see, Work pressure at Microsoft has increased recently overall.",2024-04-11
"From what I see, Microsoft work culture depends a lot on the team overall.",2024-04-05
"In my experience, Microsoft provides strong engineering standards in recent months.",2024-02-07
"From what I see, I enjoy collaborating with talented colleagues at Microsoft based on my experience.",2024-06-29
"In my experience, Workload at Microsoft varies by role overall.",2024-01-05
"Currently, The team culture at Microsoft is supportive and inclusive for most employees.",2024-05-15
"As an employee, Employee experience at Microsoft depends on management based on my experience.",2024-03-18
"From what I see, Great benefits and compensation at Microsoft for most employees.",2024-04-27
"Currently, Leadership encourages innovation and ownership at Microsoft for most employees.",2024-01-05
"Personally, Workload at Microsoft varies by role based on my experience.",2024-03-15
"As an employee, Workload at Microsoft varies by role based on my experience.",2024-05-26
"Honestly, Microsoft offers stability but growth can be slow overall.",2024-05-14
"Currently, Work pressure at Microsoft has increased recently for most employees.",2024-05-09
"Currently, Poor communication from management at Microsoft overall.",2024-04-09
"Honestly, Work pressure at Microsoft has increased recently these days.",2024-04-05
"As an employee, Working at Microsoft has been a great learning experience overall.",2024-03-29
"Currently, Microsoft offers good work life balance and flexibility in recent months.",2024-02-04
"Honestly, Microsoft provides strong engineering standards based on my experience.",2024-06-24
"From what I see, Microsoft offers stability but growth can be slow based on my experience.",2024-02-04
"In my experience, Leadership encourages innovation and ownership at Microsoft in recent months.",2024-02-21
"In my experience, Great benefits and compensation at Microsoft in recent months.",2024-03-20
"Currently, Employee experience at Microsoft depends on management these days.",2024-03-05
"As an employee, Great benefits and compensation at Microsoft in recent months.",2024-01-13
"As an employee, Management decisions at Microsoft are frustrating overall.",2024-04-04
"Honestly, Some teams at Microsoft are better than others these days.",2024-04-08
"From what I see, The team culture at Microsoft is supportive and inclusive these days.",2024-04-04
"As an employee, Poor communication from management at Microsoft overall.",2024-04-18
"Currently, The team culture at Microsoft is supportive and inclusive in recent months.",2024-03-23
"Honestly, Microsoft provides strong engineering standards in recent months.",2024-03-19
"From what I see, Microsoft offers stability but growth can be slow based on my experience.",2024-06-25
"In my experience, Some teams at Microsoft are better than others in recent months.",2024-06-06
"Honestly, Management decisions at Microsoft are frustrating overall.",2024-01-20
"As an employee, Some teams at Microsoft are better than others for most employees.",2024-06-22
"Personally, Working at Microsoft has been a great learning experience for most employees.",2024-06-22
"Personally, Work pressure at Microsoft has increased recently overall.",2024-03-01
"As an employee, Management decisions at Microsoft are frustrating these days.",2024-05-25
"Honestly, The team culture at Microsoft is supportive and inclusive these days.",2024-04-04
"Currently, Microsoft offers good work life balance and flexibility based on my experience.",2024-05-15
"Honestly, Microsoft provides strong engineering standards in recent months.",2024-03-04
"Honestly, Work pressure at Microsoft has increased recently based on my experience.",2024-05-07
"In my experience, Workload at Microsoft varies by role in recent months.",2024-03-07
"Currently, Microsoft work culture depends a lot on the team in recent months.",2024-06-26
"Personally, Burnout is becoming common among Microsoft employees overall.",2024-02-04
"Personally, Burnout is becoming common among Microsoft employees these days.",2024-01-23
"As an employee, Work life balance at Microsoft could be better in recent months.",2024-01-17
"As an employee, Overall experience at Microsoft is acceptable based on my experience.",2024-06-28
"As an employee, Employee experience at Microsoft depends on management for most employees.",2024-02-27
"Personally, Great benefits and compensation at Microsoft based on my experience.",2024-05-06
"From what I see, Microsoft provides strong engineering standards for most employees.",2024-02-03
"In my experience, My experience working at Microsoft has been average so far in recent months.",2024-04-11
"From what I see, Job stress at Microsoft has risen after restructuring for most employees.",2024-04-15
"Currently, Work life balance at Microsoft could be better overall.",2024-02-02
"In my experience, Job stress at Microsoft has risen after restructuring these days.",2024-04-29
"Personally, Overall experience at Microsoft is acceptable for most employees.",2024-06-12
"Personally, Employee experience at Microsoft depends on management these days.",2024-05-08
"In my experience, Work pressure at Microsoft has increased recently for most employees.",2024-02-09
"As an employee, The team culture at Microsoft is supportive and inclusive based on my experience.",2024-03-29
"As an employee, Poor communication from management at Microsoft overall.",2024-03-05
"Personally, I enjoy collaborating with talented colleagues at Microsoft in recent months.",2024-06-06
"Honestly, Workload at Microsoft varies by role based on my experience.",2024-05-31
"Personally, Microsoft layoffs have affected employee morale for most employees.",2024-06-03
"In my experience, Working at Microsoft has been a great learning experience overall.",2024-01-12
"Currently, Work life balance at Microsoft could be better in recent months.",2024-06-15
"Currently, Career growth opportunities at Microsoft are solid overall.",2024-05-07
"As an employee, Poor communication from management at Microsoft in recent months.",2024-05-03
"As an employee, Career growth opportunities at Microsoft are solid these days.",2024-01-19
"From what I see, Microsoft work culture depends a lot on the team these days.",2024-05-03
"Currently, Overall experience at Microsoft is acceptable based on my experience.",2024-03-21
"Honestly, Management decisions at Microsoft are frustrating in recent months.",2024-04-12
"Currently, Microsoft provides strong engineering standards for most employees.",2024-01-28
"In my experience, Leadership encourages innovation and ownership at Microsoft in recent months.",2024-04-25
"In my experience, Microsoft offers good work life balance and flexibility in recent months.",2024-04-08
"Personally, Burnout is becoming common among Microsoft employees based on my experience.",2024-03-24
"As an employee, Job stress at Microsoft has risen after restructuring based on my experience.",2024-02-10
"From what I see, Workload at Microsoft varies by role these days.",2024-03-19
"From what I see, My experience working at Microsoft has been average so far for most employees.",2024-04-27
"Currently, Microsoft layoffs have affected employee morale in recent months.",2024-01-13
"Currently, Leadership encourages innovation and ownership at Microsoft these days.",2024-03-14
"In my experience, Employee experience at Microsoft depends on management these days.",2024-02-04
"As an employee, Job stress at Microsoft has risen after restructuring these days.",2024-04-03
"Currently, Working at Microsoft has been a great learning experience for most employees.",2024-02-19
"In my experience, I enjoy collaborating with talented colleagues at Microsoft these days.",2024-05-09
"As an employee, Workload at Microsoft varies by role for most employees.",2024-06-23
"In my experience, Microsoft work culture depends a lot on the team these days.",2024-04-05
"Currently, Management decisions at Microsoft are frustrating in recent months.",2024-02-06
"Currently, Career growth opportunities at Microsoft are solid overall.",2024-01-12
"From what I see, Microsoft provides strong engineering standards for most employees.",2024-04-26
"As an employee, The team culture at Microsoft is supportive and inclusive for most employees.",2024-03-22
"Currently, I enjoy collaborating with talented colleagues at Microsoft in recent months.",2024-05-09
"From what I see, Poor communication from management at Microsoft for most employees.",2024-03-17
"As an employee, My experience working at Microsoft has been average so far in recent months.",2024-06-21
"Currently, Career growth opportunities at Microsoft are solid in recent months.",2024-06-25
"From what I see, Workload at Microsoft varies by role in recent months.",2024-06-16
"Currently, Work life balance at Microsoft could be better for most employees.",2024-02-28
"From what I see, Workload at Microsoft varies by role based on my experience.",2024-05-14
"From what I see, Workload at Microsoft varies by role based on my experience.",2024-06-23
"Personally, Microsoft offers good work life balance and flexibility overall.",2024-04-22
"From what I see, The team culture at Microsoft is supportive and inclusive based on my experience.",2024-04-15
"From what I see, Workload at Microsoft varies by role overall.",2024-06-29
"Currently, Great benefits and compensation at Microsoft in recent months.",2024-06-18
"As an employee, Some teams at Microsoft are better than others based on my experience.",2024-04-27
"Currently, Management decisions at Microsoft are frustrating in recent months.",2024-06-22
"Honestly, Job stress at Microsoft has risen after restructuring in recent months.",2024-06-05
"As an employee, Microsoft work culture depends a lot on the team for most employees.",2024-03-17
"As an employee, I enjoy collaborating with talented colleagues at Microsoft based on my experience.",2024-06-25
"From what I see, Overall experience at Microsoft is acceptable in recent months.",2024-05-23
"Honestly, Work life balance at Microsoft could be better in recent months.",2024-03-14
"From what I see, Career growth opportunities at Microsoft are solid in recent months.",2024-02-07
"Honestly, I enjoy collaborating with talented colleagues at Microsoft overall.",2024-03-29
"As an employee, Job stress at Microsoft has risen after restructuring these days.",2024-02-24
"Currently, I enjoy collaborating with talented colleagues at Microsoft in recent months.",2024-02-05
"Personally, Great benefits and compensation at Microsoft overall.",2024-06-20
"Honestly, Microsoft layoffs have affected employee morale based on my experience.",2024-01-14
"Honestly, Microsoft provides strong engineering standards these days.",2024-01-26
"In my experience, Microsoft work culture depends a lot on the team for most employees.",2024-02-10
"From what I see, Some teams at Microsoft are better than others based on my experience.",2024-03-14
"In my experience, Working at Microsoft has been a great learning experience for most employees.",2024-02-29
"In my experience, Microsoft offers stability but growth can be slow based on my experience.",2024-04-16
"In my experience, Microsoft layoffs have affected employee morale these days.",2024-05-06
"In my experience, I enjoy collaborating with talented colleagues at Microsoft overall.",2024-03-17
"As an employee, My experience working at Microsoft has been average so far in recent months.",2024-04-26
"Currently, Poor communication from management at Microsoft these days.",2024-02-04
"As an employee, Burnout is becoming common among Microsoft employees based on my experience.",2024-01-29
"Honestly, Leadership encourages innovation and ownership at Microsoft in recent months.",2024-02-17
"As an employee, Microsoft provides strong engineering standards for most employees.",2024-06-21
"Currently, Microsoft layoffs have affected employee morale these days.",2024-04-19
"From what I see, My experience working at Microsoft has been average so far overall.",2024-02-17
"As an employee, Burnout is becoming common among Microsoft employees based on my experience.",2024-01-02
"From what I see, Great benefits and compensation at Microsoft in recent months.",2024-03-25
"As an employee, Working at Microsoft has been a great learning experience in recent months.",2024-06-26
"From what I see, Microsoft offers good work life balance and flexibility in recent months.",2024-02-10
"Honestly, Workload at Microsoft varies by role in recent months.",2024-06-25
"As an employee, I enjoy collaborating with talented colleagues at Microsoft for most employees.",2024-02-26
"From what I see, The team culture at Microsoft is supportive and inclusive based on my experience.",2024-04-26
"As an employee, Workload at Microsoft varies by role these days.",2024-06-28
"Currently, Some teams at Microsoft are better than others based on my experience.",2024-03-04
"In my experience, Workload at Microsoft varies by role for most employees.",2024-04-24
"In my experience, Overall experience at Microsoft is acceptable for most employees.",2024-01-29
"Currently, Great benefits and compensation at Microsoft for most employees.",2024-02-08
"In my experience, Leadership encourages innovation and ownership at Microsoft based on my experience.",2024-05-29
"From what I see, Workload at Microsoft varies by role overall.",2024-04-26
"From what I see, Career growth opportunities at Microsoft are solid for most employees.",2024-01-15
"As an employee, Microsoft offers stability but growth can be slow overall.",2024-04-11
"Honestly, Working at Microsoft has been a great learning experience based on my experience.",2024-05-28
"As an employee, Career growth opportunities at Microsoft are solid overall.",2024-05-18
"From what I see, Work pressure at Microsoft has increased recently overall.",2024-03-14
"Personally, Employee experience at Microsoft depends on management these days.",2024-04-05
"From what I see, Burnout is becoming common among Microsoft employees these days.",2024-04-06
"Honestly, The team culture at Microsoft is supportive and inclusive in recent months.",2024-01-31
"Currently, Career growth opportunities at Microsoft are solid based on my experience.",2024-02-27
"In my experience, Work life balance at Microsoft could be better in recent months.",2024-04-28
"From what I see, Workload at Microsoft varies by role for most employees.",2024-04-07
"From what I see, Microsoft layoffs have affected employee morale in recent months.",2024-02-09
"In my experience, Microsoft offers good work life balance and flexibility these days.",2024-06-06
"Personally, Work pressure at Microsoft has increased recently based on my experience.",2024-01-18
"From what I see, Working at Microsoft has been a great learning experience for most employees.",2024-06-21
"Personally, My experience working at Microsoft has been average so far overall.",2024-04-12
"Personally, Workload at Microsoft varies by role overall.",2024-02-05
"Personally, Overall experience at Microsoft is acceptable for most employees.",2024-03-22
"Honestly, Employee experience at Microsoft depends on management in recent months.",2024-03-01
"Honestly, The team culture at Microsoft is supportive and inclusive for most employees.",2024-02-26
"In my experience, Overall experience at Microsoft is acceptable for most employees.",2024-05-31
"Honestly, Microsoft layoffs have affected employee morale these days.",2024-05-22
"Honestly, Overall experience at Microsoft is acceptable these days.",2024-05-14
"From what I see, Career growth opportunities at Microsoft are solid based on my experience.",2024-03-17
"Personally, Leadership encourages innovation and ownership at Microsoft based on my experience.",2024-03-17
"From what I see, Microsoft layoffs have affected employee morale overall.",2024-05-23
"Currently, Some teams at Microsoft are better than others for most employees.",2024-02-04
"Personally, I enjoy collaborating with talented colleagues at Microsoft in recent months.",2024-06-14
"As an employee, Leadership encourages innovation and ownership at Microsoft overall.",2024-05-17
"In my experience, Microsoft work culture depends a lot on the team in recent months.",2024-04-06
"In my experience, Workload at Microsoft varies by role overall.",2024-02-18
"Honestly, Poor communication from management at Microsoft for most employees.",2024-02-25
"As an employee, Employee experience at Microsoft depends on management in recent months.",2024-01-04
"Honestly, Great benefits and compensation at Microsoft overall.",2024-05-02
"Currently, Job stress at Microsoft has risen after restructuring based on my experience.",2024-04-11
"As an employee, Poor communication from management at Microsoft in recent months.",2024-04-07
"As an employee, Microsoft offers stability but growth can be slow in recent months.",2024-03-07
"From what I see, Leadership encourages innovation and ownership at Microsoft overall.",2024-04-30
"Personally, Management decisions at Microsoft are frustrating in recent months.",2024-03-21
"Personally, Workload at Microsoft varies by role based on my experience.",2024-01-05
"As an employee, Career growth opportunities at Microsoft are solid based on my experience.",2024-02-20
"Currently, Career growth opportunities at Microsoft are solid based on my experience.",2024-05-07
"As an employee, Microsoft offers stability but growth can be slow in recent months.",2024-05-05
"Honestly, Job stress at Microsoft has risen after restructuring these days.",2024-04-27
"Personally, Microsoft provides strong engineering standards based on my experience.",2024-05-19
"Honestly, Workload at Microsoft varies by role overall.",2024-05-14
"Honestly, Microsoft offers good work life balance and flexibility overall.",2024-01-02
"Honestly, Employee experience at Microsoft depends on management based on my experience.",2024-01-18
"Personally, My experience working at Microsoft has been average so far for most employees.",2024-04-26
"Honestly, Leadership encourages innovation and ownership at Microsoft these days.",2024-01-05
"In my experience, Career growth opportunities at Microsoft are solid overall.",2024-05-15
"As an employee, Workload at Microsoft varies by role overall.",2024-05-08
"From what I see, Job stress at Microsoft has risen after restructuring based on my experience.",2024-01-28
"Personally, Poor communication from management at Microsoft based on my experience.",2024-02-19
"As an employee, Overall experience at Microsoft is acceptable in recent months.",2024-04-11
"From what I see, Career growth opportunities at Microsoft are solid for most employees.",2024-03-03
"As an employee, Microsoft layoffs have affected employee morale overall.",2024-06-16
"In my experience, Job stress at Microsoft has risen after restructuring overall.",2024-04-13
"In my experience, Leadership encourages innovation and ownership at Microsoft overall.",2024-06-28
"From what I see, Leadership encourages innovation and ownership at Microsoft in recent months.",2024-05-24
"Currently, Work pressure at Microsoft has increased recently overall.",2024-02-28
"As an employee, Leadership encourages innovation and ownership at Microsoft overall.",2024-01-20
"Currently, Overall experience at Microsoft is acceptable for most employees.",2024-06-17
"In my experience, Microsoft provides strong engineering standards based on my experience.",2024-05-30
"In my experience, Career growth opportunities at Microsoft are solid in recent months.",2024-02-11
"From what I see, Workload at Microsoft varies by role for most employees.",2024-03-25
"Honestly, The team culture at Microsoft is supportive and inclusive overall.",2024-05-08
"In my experience, Overall experience at Microsoft is acceptable overall.",2024-04-21
"As an employee, Microsoft offers good work life balance and flexibility for most employees.",2024-06-06
"As an employee, Burnout is becoming common among Microsoft employees overall.",2024-06-11
"From what I see, Leadership encourages innovation and ownership at Microsoft based on my experience.",2024-04-01
"From what I see, Some teams at Microsoft are better than others based on my experience.",2024-06-23
"In my experience, Some teams at Microsoft are better than others for most employees.",2024-03-16
"In my experience, Job stress at Microsoft has risen after restructuring overall.",2024-03-09
"Honestly, The team culture at Microsoft is supportive and inclusive these days.",2024-03-22
"In my experience, Microsoft offers good work life balance and flexibility in recent months.",2024-04-23
"In my experience, I enjoy collaborating with talented colleagues at Microsoft based on my experience.",2024-01-23
"Currently, Leadership encourages innovation and ownership at Microsoft for most employees.",2024-05-11
"In my experience, My experience working at Microsoft has been average so far in recent months.",2024-05-21
"From what I see, Microsoft provides strong engineering standards overall.",2024-03-15
"In my experience, Employee experience at Microsoft depends on management for most employees.",2024-03-03
"Honestly, Microsoft work culture depends a lot on the team these days.",2024-02-13
"As an employee, I enjoy collaborating with talented colleagues at Microsoft these days.",2024-02-07
"As an employee, Career growth opportunities at Microsoft are solid these days.",2024-03-17
"As an employee, My experience working at Microsoft has been average so far in recent months.",2024-03-04
"Currently, Some teams at Microsoft are better than others for most employees.",2024-02-20
"As an employee, Microsoft work culture depends a lot on the team overall.",2024-04-11
"As an employee, Career growth opportunities at Microsoft are solid these days.",2024-03-26
"Honestly, Employee experience at Microsoft depends on management for most employees.",2024-02-04
"From what I see, Great benefits and compensation at Microsoft in recent months.",2024-02-15
"As an employee, Management decisions at Microsoft are frustrating these days.",2024-05-27
"From what I see, Management decisions at Microsoft are frustrating in recent months.",2024-04-10
"Currently, Great benefits and compensation at Microsoft for most employees.",2024-02-16
"In my experience, Workload at Microsoft varies by role these days.",2024-02-23
"Honestly, Overall experience at Microsoft is acceptable overall.",2024-04-14
"Honestly, Microsoft work culture depends a lot on the team in recent months.",2024-03-02
"Honestly, The team culture at Microsoft is supportive and inclusive these days.",2024-04-06
"Currently, Leadership encourages innovation and ownership at Microsoft these days.",2024-05-16
"Honestly, Employee experience at Microsoft depends on management these days.",2024-05-19
"Honestly, Microsoft provides strong engineering standards for most employees.",2024-06-01
"In my experience, My experience working at Microsoft has been average so far based on my experience.",2024-06-17
"Honestly, Microsoft work culture depends a lot on the team for most employees.",2024-01-12
"Honestly, Microsoft offers stability but growth can be slow these days.",2024-03-25
"In my experience, Burnout is becoming common among Microsoft employees overall.",2024-01-26
"From what I see, Great benefits and compensation at Microsoft in recent months.",2024-04-10
"Currently, Microsoft offers stability but growth can be slow for most employees.",2024-02-08
"From what I see, Working at Microsoft has been a great learning experience overall.",2024-03-16
"In my experience, My experience working at Microsoft has been average so far based on my experience.",2024-03-30
"Personally, Leadership encourages innovation and ownership at Microsoft for most employees.",2024-05-03
"From what I see, Microsoft offers good work life balance and flexibility these days.",2024-03-22
"Honestly, Working at Microsoft has been a great learning experience overall.",2024-01-06
"In my experience, Job stress at Microsoft has risen after restructuring based on my experience.",2024-03-03
"Personally, Workload at Microsoft varies by role in recent months.",2024-05-23
"Personally, Some teams at Microsoft are better than others these days.",2024-06-10
"From what I see, Career growth opportunities at Microsoft are solid overall.",2024-06-06
"Currently, Burnout is becoming common among Microsoft employees these days.",2024-04-09
"Personally, Great benefits and compensation at Microsoft in recent months.",2024-06-29
"Currently, Work pressure at Microsoft has increased recently overall.",2024-05-17
"Personally, Microsoft provides strong engineering standards these days.",2024-01-30
"Currently, Leadership encourages innovation and ownership at Microsoft in recent months.",2024-06-01
"Currently, Career growth opportunities at Microsoft are solid overall.",2024-03-30
"Currently, Leadership encourages innovation and ownership at Microsoft based on my experience.",2024-06-21
"Currently, Overall experience at Microsoft is acceptable for most employees.",2024-01-22
"In my experience, Overall experience at Microsoft is acceptable based on my experience.",2024-03-19
"Honestly, Microsoft provides strong engineering standards based on my experience.",2024-05-10
"Currently, The team culture at Microsoft is supportive and inclusive these days.",2024-04-18
"Currently, The team culture at Microsoft is supportive and inclusive based on my experience.",2024-05-05
"As an employee, The team culture at Microsoft is supportive and inclusive these days.",2024-06-07
"In my experience, Microsoft provides strong engineering standards these days.",2024-02-04
"Currently, Career growth opportunities at Microsoft are solid for most employees.",2024-06-16
"From what I see, Microsoft offers stability but growth can be slow these days.",2024-04-23
"Currently, My experience working at Microsoft has been average so far overall.",2024-02-26
"Personally, I enjoy collaborating with talented colleagues at Microsoft for most employees.",2024-03-14
"Currently, Leadership encourages innovation and ownership at Microsoft these days.",2024-05-20
"In my experience, Workload at Microsoft varies by role in recent months.",2024-05-19
"Currently, Management decisions at Microsoft are frustrating overall.",2024-04-22
"In my experience, Some teams at Microsoft are better than others based on my experience.",2024-03-17
"From what I see, Work pressure at Microsoft has increased recently in recent months.",2024-03-30
"From what I see, Work pressure at Microsoft has increased recently overall.",2024-03-01
"Honestly, Microsoft provides strong engineering standards for most employees.",2024-06-10
"Personally, Workload at Microsoft varies by role based on my experience.",2024-02-22
"As an employee, Poor communication from management at Microsoft for most employees.",2024-03-12
"As an employee, Microsoft work culture depends a lot on the team in recent months.",2024-03-15
"Currently, Employee experience at Microsoft depends on management overall.",2024-02-04
"From what I see, Work life balance at Microsoft could be better overall.",2024-03-11
"Honestly, Microsoft layoffs have affected employee morale based on my experience.",2024-03-04
"Personally, Microsoft provides strong engineering standards these days.",2024-05-05
"Honestly, I enjoy collaborating with talented colleagues at Microsoft these days.",2024-04-06
"In my experience, Microsoft offers stability but growth can be slow these days.",2024-05-11
"As an employee, Microsoft offers stability but growth can be slow these days.",2024-05-04
"Honestly, Working at Microsoft has been a great learning experience overall.",2024-04-27
"As an employee, Microsoft offers stability but growth can be slow overall.",2024-05-16
"Personally, Career growth opportunities at Microsoft are solid these days.",2024-03-09
"As an employee, I enjoy collaborating with talented colleagues at Microsoft for most employees.",2024-05-27
"As an employee, Leadership encourages innovation and ownership at Microsoft overall.",2024-01-12
"In my experience, Leadership encourages innovation and ownership at Microsoft overall.",2024-02-10
"From what I see, My experience working at Microsoft has been average so far based on my experience.",2024-06-25
"As an employee, Job stress at Microsoft has risen after restructuring based on my experience.",2024-03-11
"As an employee, Microsoft provides strong engineering standards overall.",2024-04-05
"Personally, Microsoft offers stability but growth can be slow overall.",2024-04-11
"Honestly, Microsoft offers stability but growth can be slow based on my experience.",2024-04-19
"In my experience, Microsoft offers stability but growth can be slow overall.",2024-02-24
"Currently, Microsoft work culture depends a lot on the team based on my experience.",2024-05-12
"In my experience, My experience working at Microsoft has been average so far in recent months.",2024-01-31
"Honestly, Burnout is becoming common among Microsoft employees based on my experience.",2024-05-02
"In my experience, Career growth opportunities at Microsoft are solid overall.",2024-01-27
"Personally, I enjoy collaborating with talented colleagues at Microsoft these days.",2024-02-04
"Personally, Microsoft offers stability but growth can be slow overall.",2024-05-15
"Honestly, Workload at Microsoft varies by role based on my experience.",2024-04-22
"Honestly, Great benefits and compensation at Microsoft based on my experience.",2024-04-15
"Personally, Some teams at Microsoft are better than others overall.",2024-01-26
"Currently, Microsoft offers good work life balance and flexibility these days.",2024-03-30
"Personally, Management decisions at Microsoft are frustrating based on my experience.",2024-03-11
"Currently, Microsoft work culture depends a lot on the team for most employees.",2024-06-02
"Honestly, Overall experience at Microsoft is acceptable overall.",2024-06-17
"Currently, Microsoft layoffs have affected employee morale for most employees.",2024-05-10
"As an employee, Career growth opportunities at Microsoft are solid overall.",2024-03-02
"Personally, My experience working at Microsoft has been average so far these days.",2024-06-12
"In my experience, Workload at Microsoft varies by role in recent months.",2024-03-22
"As an employee, Career growth opportunities at Microsoft are solid for most employees.",2024-06-23
"In my experience, Leadership encourages innovation and ownership at Microsoft overall.",2024-05-30
"Personally, I enjoy collaborating with talented colleagues at Microsoft overall.",2024-01-16
"Currently, Burnout is becoming common among Microsoft employees in recent months.",2024-06-09
"From what I see, Employee experience at Microsoft depends on management these days.",2024-06-28
"Currently, Microsoft offers stability but growth can be slow for most employees.",2024-06-06
"As an employee, Microsoft offers good work life balance and flexibility overall.",2024-05-10
"Personally, Work life balance at Microsoft could be better for most employees.",2024-03-24
"As an employee, Microsoft offers good work life balance and flexibility these days.",2024-03-02
"From what I see, Microsoft offers good work life balance and flexibility overall.",2024-04-26
"As an employee, My experience working at Microsoft has been average so far based on my experience.",2024-01-31
"Honestly, The team culture at Microsoft is supportive and inclusive overall.",2024-02-11
"Currently, Overall experience at Microsoft is acceptable for most employees.",2024-03-07
"Honestly, The team culture at Microsoft is supportive and inclusive in recent months.",2024-01-31
"As an employee, Work pressure at Microsoft has increased recently these days.",2024-03-10
"Honestly, Overall experience at Microsoft is acceptable for most employees.",2024-06-09
"Currently, Leadership encourages innovation and ownership at Microsoft in recent months.",2024-01-15
"Personally, Workload at Microsoft varies by role in recent months.",2024-02-10
"Currently, Microsoft offers good work life balance and flexibility overall.",2024-02-28
"In my experience, My experience working at Microsoft has been average so far overall.",2024-03-03
"From what I see, Microsoft provides strong engineering standards based on my experience.",2024-02-15
"In my experience, Work life balance at Microsoft could be better for most employees.",2024-06-16
"Personally, Overall experience at Microsoft is acceptable these days.",2024-03-22
"Currently, Microsoft offers good work life balance and flexibility in recent months.",2024-01-31
"Personally, My experience working at Microsoft has been average so far based on my experience.",2024-05-12
"In my experience, Burnout is becoming common among Microsoft employees these days.",2024-03-13
"As an employee, Management decisions at Microsoft are frustrating overall.",2024-05-21
"Personally, Overall experience at Microsoft is acceptable in recent months.",2024-05-24
"Currently, Job stress at Microsoft has risen after restructuring based on my experience.",2024-04-28
"Personally, Leadership encourages innovation and ownership at Microsoft for most employees.",2024-03-03
"In my experience, Career growth opportunities at Microsoft are solid based on my experience.",2024-05-18
"As an employee, Working at Microsoft has been a great learning experience overall.",2024-06-17
"In my experience, I enjoy collaborating with talented colleagues at Microsoft based on my experience.",2024-05-15
"From what I see, Burnout is becoming common among Microsoft employees overall.",2024-02-06
"In my experience, My experience working at Microsoft has been average so far based on my experience.",2024-05-13
"From what I see, Overall experience at Microsoft is acceptable overall.",2024-05-28
"Honestly, The team culture at Microsoft is supportive and inclusive these days.",2024-01-20
"From what I see, My experience working at Microsoft has been average so far based on my experience.",2024-03-01
"From what I see, Microsoft provides strong engineering standards in recent months.",2024-03-22
"In my experience, Microsoft work culture depends a lot on the team based on my experience.",2024-02-04
"In my experience, Poor communication from management at Microsoft based on my experience.",2024-01-28
"As an employee, Leadership encourages innovation and ownership at Microsoft these days.",2024-01-31
"Personally, Employee experience at Microsoft depends on management these days.",2024-03-19
"In my experience, Employee experience at Microsoft depends on management overall.",2024-02-10
"Honestly, Management decisions at Microsoft are frustrating for most employees.",2024-01-11
"Personally, Microsoft provides strong engineering standards overall.",2024-03-04
"Currently, Burnout is becoming common among Microsoft employees overall.",2024-06-22
"In my experience, The team culture at Microsoft is supportive and inclusive these days.",2024-04-25
"Personally, Workload at Microsoft varies by role overall.",2024-04-28
"In my experience, The team culture at Microsoft is supportive and inclusive overall.",2024-01-16
"Personally, Microsoft layoffs have affected employee morale based on my experience.",2024-04-12
"Currently, Microsoft offers good work life balance and flexibility for most employees.",2024-03-07
"In my experience, Work pressure at Microsoft has increased recently overall.",2024-02-20
"Personally, Burnout is becoming common among Microsoft employees overall.",2024-03-25
"In my experience, Leadership encourages innovation and ownership at Microsoft based on my experience.",2024-05-26
"From what I see, Microsoft offers stability but growth can be slow these days.",2024-01-08
"Personally, Career growth opportunities at Microsoft are solid in recent months.",2024-02-24
"As an employee, Management decisions at Microsoft are frustrating these days.",2024-02-08
"Honestly, Great benefits and compensation at Microsoft in recent months.",2024-05-07
"From what I see, Workload at Microsoft varies by role overall.",2024-01-23
"From what I see, The team culture at Microsoft is supportive and inclusive based on my experience.",2024-06-13
"Personally, Poor communication from management at Microsoft for most employees.",2024-01-05
"Honestly, Work life balance at Microsoft could be better in recent months.",2024-05-02
"As an employee, Some teams at Microsoft are better than others for most employees.",2024-05-08
"Personally, I enjoy collaborating with talented colleagues at Microsoft overall.",2024-03-22
"As an employee, My experience working at Microsoft has been average so far overall.",2024-04-30
"Currently, Employee experience at Microsoft depends on management based on my experience.",2024-02-10
"As an employee, Great benefits and compensation at Microsoft for most employees.",2024-01-15
"Currently, Microsoft layoffs have affected employee morale these days.",2024-03-31
"Personally, Work life balance at Microsoft could be better based on my experience.",2024-03-01
"Honestly, Employee experience at Microsoft depends on management in recent months.",2024-05-31
"Currently, Microsoft provides strong engineering standards for most employees.",2024-02-06
"From what I see, Microsoft work culture depends a lot on the team for most employees.",2024-03-20
"In my experience, Working at Microsoft has been a great learning experience overall.",2024-02-29
"Currently, My experience working at Microsoft has been average so far these days.",2024-01-01
"Personally, Great benefits and compensation at Microsoft in recent months.",2024-02-15
"As an employee, Work life balance at Microsoft could be better overall.",2024-01-06
"In my experience, The team culture at Microsoft is supportive and inclusive for most employees.",2024-04-03
"Honestly, Management decisions at Microsoft are frustrating these days.",2024-05-30
"As an employee, I enjoy collaborating with talented colleagues at Microsoft based on my experience.",2024-02-10
"Honestly, Some teams at Microsoft are better than others these days.",2024-06-15
"Personally, Microsoft provides strong engineering standards for most employees.",2024-02-14
"Personally, I enjoy collaborating with talented colleagues at Microsoft based on my experience.",2024-01-01
"From what I see, Poor communication from management at Microsoft for most employees.",2024-01-09
"Currently, Microsoft provides strong engineering standards based on my experience.",2024-06-12
"Personally, Some teams at Microsoft are better than others in recent months.",2024-01-20
"Personally, Microsoft provides strong engineering standards overall.",2024-06-20
"From what I see, Overall experience at Microsoft is acceptable overall.",2024-03-08
"As an employee, Microsoft offers good work life balance and flexibility in recent months.",2024-01-28
"From what I see, My experience working at Microsoft has been average so far these days.",2024-04-17
"From what I see, Burnout is becoming common among Microsoft employees these days.",2024-03-30
"From what I see, My experience working at Microsoft has been average so far for most employees.",2024-06-15
"Personally, Microsoft layoffs have affected employee morale these days.",2024-01-19
"As an employee, Work pressure at Microsoft has increased recently overall.",2024-03-22
"In my experience, Microsoft offers good work life balance and flexibility in recent months.",2024-02-13
"Honestly, Microsoft layoffs have affected employee morale overall.",2024-05-20
"As an employee, Work pressure at Microsoft has increased recently for most employees.",2024-06-06
"In my experience, Job stress at Microsoft has risen after restructuring these days.",2024-06-16
"Personally, Career growth opportunities at Microsoft are solid overall.",2024-01-26
"From what I see, Great benefits and compensation at Microsoft for most employees.",2024-05-18
"As an employee, I enjoy collaborating with talented colleagues at Microsoft based on my experience.",2024-01-25
"Personally, Leadership encourages innovation and ownership at Microsoft overall.",2024-04-02
"As an employee, Microsoft offers good work life balance and flexibility for most employees.",2024-05-02
"Personally, Working at Microsoft has been a great learning experience based on my experience.",2024-06-12
"From what I see, Microsoft offers good work life balance and flexibility overall.",2024-03-19
"From what I see, Burnout is becoming common among Microsoft employees in recent months.",2024-01-24
"Personally, Some teams at Microsoft are better than others in recent months.",2024-04-07
"In my experience, Leadership encourages innovation and ownership at Microsoft in recent months.",2024-04-22
"As an employee, Microsoft work culture depends a lot on the team for most employees.",2024-01-16
"In my experience, Microsoft offers good work life balance and flexibility in recent months.",2024-05-18
"Currently, Employee experience at Microsoft depends on management based on my experience.",2024-05-21
"Currently, Career growth opportunities at Microsoft are solid these days.",2024-05-17
"Currently, Some teams at Microsoft are better than others based on my experience.",2024-05-01
"Honestly, Career growth opportunities at Microsoft are solid overall.",2024-05-08
"Currently, Workload at Microsoft varies by role for most employees.",2024-02-07
"Personally, Leadership encourages innovation and ownership at Microsoft based on my experience.",2024-02-24
"In my experience, Microsoft layoffs have affected employee morale these days.",2024-01-21
"Personally, Burnout is becoming common among Microsoft employees based on my experience.",2024-06-01
"In my experience, Microsoft offers good work life balance and flexibility these days.",2024-05-22
"As an employee, Microsoft provides strong engineering standards for most employees.",2024-04-27
"Honestly, Work pressure at Microsoft has increased recently for most employees.",2024-05-30
"In my experience, Some teams at Microsoft are better than others these days.",2024-02-08
"In my experience, Microsoft offers good work life balance and flexibility for most employees.",2024-01-26
"Currently, Work life balance at Microsoft could be better in recent months.",2024-04-15
"Currently, Leadership encourages innovation and ownership at Microsoft for most employees.",2024-05-01
"From what I see, I enjoy collaborating with talented colleagues at Microsoft based on my experience.",2024-06-07
"From what I see, Microsoft offers stability but growth can be slow overall.",2024-04-11
"Honestly, Management decisions at Microsoft are frustrating based on my experience.",2024-01-13
"As an employee, Overall experience at Microsoft is acceptable overall.",2024-03-27
"As an employee, Management decisions at Microsoft are frustrating in recent months.",2024-05-05
"In my experience, Job stress at Microsoft has risen after restructuring based on my experience.",2024-02-04
"As an employee, Leadership encourages innovation and ownership at Microsoft in recent months.",2024-04-16
"Personally, My experience working at Microsoft has been average so far these days.",2024-02-24
"Honestly, Burnout is becoming common among Microsoft employees these days.",2024-05-12
"In my experience, Work life balance at Microsoft could be better for most employees.",2024-02-10
"Personally, Career growth opportunities at Microsoft are solid for most employees.",2024-05-25
"Personally, Great benefits and compensation at Microsoft overall.",2024-03-04
"As an employee, Working at Microsoft has been a great learning experience based on my experience.",2024-03-11
"Currently, Leadership encourages innovation and ownership at Microsoft these days.",2024-06-11
"In my experience, Job stress at Microsoft has risen after restructuring based on my experience.",2024-04-05
"Personally, Some teams at Microsoft are better than others these days.",2024-05-30
"Personally, Overall experience at Microsoft is acceptable in recent months.",2024-06-25
"From what I see, Working at Microsoft has been a great learning experience overall.",2024-02-11
"Personally, Work life balance at Microsoft could be better based on my experience.",2024-06-14
"As an employee, Great benefits and compensation at Microsoft these days.",2024-05-11
"From what I see, Working at Microsoft has been a great learning experience based on my experience.",2024-06-14
"Personally, Working at Microsoft has been a great learning experience in recent months.",2024-06-04
"Honestly, Management decisions at Microsoft are frustrating in recent months.",2024-04-18
"As an employee, Work life balance at Microsoft could be better these days.",2024-03-05
"Honestly, I enjoy collaborating with talented colleagues at Microsoft for most employees.",2024-06-08
"In my experience, Microsoft offers good work life balance and flexibility for most employees.",2024-06-18
"As an employee, Work life balance at Microsoft could be better for most employees.",2024-06-14
"As an employee, Overall experience at Microsoft is acceptable overall.",2024-05-03
"Honestly, I enjoy collaborating with talented colleagues at Microsoft in recent months.",2024-03-11
"Personally, I enjoy collaborating with talented colleagues at Microsoft based on my experience.",2024-05-12
"Currently, Work pressure at Microsoft has increased recently these days.",2024-06-18
"Honestly, The team culture at Microsoft is supportive and inclusive overall.",2024-06-16
"As an employee, Overall experience at Microsoft is acceptable these days.",2024-04-13
"Currently, Working at Microsoft has been a great learning experience for most employees.",2024-02-18
"Honestly, Great benefits and compensation at Microsoft for most employees.",2024-06-12
"As an employee, Job stress at Microsoft has risen after restructuring for most employees.",2024-03-17
"Honestly, Work life balance at Microsoft could be better for most employees.",2024-02-16
"Personally, Leadership encourages innovation and ownership at Microsoft in recent months.",2024-05-23
"Honestly, Microsoft layoffs have affected employee morale in recent months.",2024-06-16
"Personally, Microsoft provides strong engineering standards in recent months.",2024-04-17
"As an employee, Management decisions at Microsoft are frustrating in recent months.",2024-05-29
"From what I see, Microsoft offers good work life balance and flexibility overall.",2024-06-11
"In my experience, Workload at Microsoft varies by role these days.",2024-02-19
"Honestly, Employee experience at Microsoft depends on management these days.",2024-05-15
"Personally, Working at Microsoft has been a great learning experience based on my experience.",2024-02-21
"Personally, Leadership encourages innovation and ownership at Microsoft in recent months.",2024-02-16
"As an employee, Burnout is becoming common among Microsoft employees based on my experience.",2024-03-21
"From what I see, My experience working at Microsoft has been average so far in recent months.",2024-02-23
"Currently, Microsoft layoffs have affected employee morale based on my experience.",2024-05-05
"In my experience, Work life balance at Microsoft could be better based on my experience.",2024-06-06
"From what I see, Some teams at Microsoft are better than others these days.",2024-05-02
"Currently, Working at Microsoft has been a great learning experience based on my experience.",2024-04-05
"Currently, Management decisions at Microsoft are frustrating based on my experience.",2024-01-05
"Honestly, Microsoft offers stability but growth can be slow based on my experience.",2024-02-27
"As an employee, Overall experience at Microsoft is acceptable based on my experience.",2024-01-27
"Personally, I enjoy collaborating with talented colleagues at Microsoft overall.",2024-01-12
"From what I see, I enjoy collaborating with talented colleagues at Microsoft for most employees.",2024-06-01
"Honestly, Some teams at Microsoft are better than others based on my experience.",2024-03-28
"As an employee, Burnout is becoming common among Microsoft employees based on my experience.",2024-02-12
"From what I see, Work life balance at Microsoft could be better overall.",2024-02-28
"Personally, The team culture at Microsoft is supportive and inclusive overall.",2024-05-30
"As an employee, My experience working at Microsoft has been average so far overall.",2024-04-06
"Currently, Management decisions at Microsoft are frustrating for most employees.",2024-01-13
"Honestly, My experience working at Microsoft has been average so far overall.",2024-06-16
"Honestly, Work pressure at Microsoft has increased recently overall.",2024-04-16
"Currently, My experience working at Microsoft has been average so far in recent months.",2024-05-01
"Honestly, Microsoft work culture depends a lot on the team overall.",2024-03-18
"Honestly, My experience working at Microsoft has been average so far for most employees.",2024-03-10
"Personally, Microsoft offers stability but growth can be slow these days.",2024-01-27
"In my experience, Workload at Microsoft varies by role in recent months.",2024-01-30
"Personally, Burnout is becoming common among Microsoft employees for most employees.",2024-02-21
"Currently, Work life balance at Microsoft could be better based on my experience.",2024-04-01
"Personally, Overall experience at Microsoft is acceptable overall.",2024-05-20
"Honestly, Microsoft work culture depends a lot on the team these days.",2024-03-25
"Honestly, Working at Microsoft has been a great learning experience overall.",2024-01-29
"From what I see, Job stress at Microsoft has risen after restructuring based on my experience.",2024-01-24
"Honestly, Work pressure at Microsoft has increased recently overall.",2024-03-06
"As an employee, Some teams at Microsoft are better than others in recent months.",2024-04-28
"In my experience, The team culture at Microsoft is supportive and inclusive in recent months.",2024-04-02
"From what I see, Management decisions at Microsoft are frustrating overall.",2024-01-25
"In my experience, Work pressure at Microsoft has increased recently based on my experience.",2024-06-18
"As an employee, Overall experience at Microsoft is acceptable these days.",2024-06-08
"As an employee, Microsoft offers good work life balance and flexibility in recent months.",2024-02-16
"From what I see, Career growth opportunities at Microsoft are solid in recent months.",2024-04-08
"From what I see, Some teams at Microsoft are better than others based on my experience.",2024-01-29
"Personally, Working at Microsoft has been a great learning experience overall.",2024-04-16
"Currently, Burnout is becoming common among Microsoft employees these days.",2024-02-16
"As an employee, Employee experience at Microsoft depends on management for most employees.",2024-01-08
"Honestly, Work life balance at Microsoft could be better based on my experience.",2024-05-03
"From what I see, Work pressure at Microsoft has increased recently these days.",2024-01-12
"In my experience, Microsoft provides strong engineering standards for most employees.",2024-05-27
"Honestly, Microsoft work culture depends a lot on the team in recent months.",2024-05-12
"Currently, Microsoft offers stability but growth can be slow overall.",2024-04-20
"From what I see, Microsoft work culture depends a lot on the team in recent months.",2024-06-18
"Personally, Some teams at Microsoft are better than others for most employees.",2024-06-05
"Currently, The team culture at Microsoft is supportive and inclusive these days.",2024-05-06
"From what I see, Work pressure at Microsoft has increased recently in recent months.",2024-03-02
"In my experience, I enjoy collaborating with talented colleagues at Microsoft for most employees.",2024-02-27
"From what I see, Some teams at Microsoft are better than others based on my experience.",2024-01-21
"Currently, Employee experience at Microsoft depends on management these days.",2024-01-23
"As an employee, Burnout is becoming common among Microsoft employees overall.",2024-05-07
"In my experience, My experience working at Microsoft has been average so far these days.",2024-04-15
"In my experience, Working at Microsoft has been a great learning experience for most employees.",2024-06-07
"Currently, Workload at Microsoft varies by role based on my experience.",2024-06-16
"As an employee, Overall experience at Microsoft is acceptable overall.",2024-02-27
"Currently, Management decisions at Microsoft are frustrating for most employees.",2024-06-02
"As an employee, Microsoft offers stability but growth can be slow these days.",2024-01-30
"In my experience, Great benefits and compensation at Microsoft in recent months.",2024-03-31
"As an employee, Work life balance at Microsoft could be better for most employees.",2024-05-13
"In my experience, Microsoft offers good work life balance and flexibility based on my experience.",2024-05-06
"In my experience, Career growth opportunities at Microsoft are solid in recent months.",2024-06-05
"From what I see, Microsoft offers good work life balance and flexibility based on my experience.",2024-04-27
"Honestly, Microsoft layoffs have affected employee morale in recent months.",2024-01-28
"Honestly, Work pressure at Microsoft has increased recently for most employees.",2024-02-01
"From what I see, Burnout is becoming common among Microsoft employees for most employees.",2024-05-09
"In my experience, Leadership encourages innovation and ownership at Microsoft for most employees.",2024-01-13
"Currently, Some teams at Microsoft are better than others these days.",2024-05-10
"Honestly, Microsoft layoffs have affected employee morale for most employees.",2024-02-14
"In my experience, Microsoft work culture depends a lot on the team these days.",2024-06-17
"Currently, Overall experience at Microsoft is acceptable these days.",2024-04-17
"Personally, Job stress at Microsoft has risen after restructuring in recent months.",2024-04-11
"From what I see, Management decisions at Microsoft are frustrating based on my experience.",2024-02-05
"Honestly, Microsoft offers stability but growth can be slow for most employees.",2024-03-17
"As an employee, Poor communication from management at Microsoft for most employees.",2024-06-10
"Currently, Great benefits and compensation at Microsoft in recent months.",2024-06-24
"Honestly, The team culture at Microsoft is supportive and inclusive based on my experience.",2024-05-08
"As an employee, Microsoft offers stability but growth can be slow overall.",2024-03-31
"Currently, Workload at Microsoft varies by role these days.",2024-06-21
"Currently, Employee experience at Microsoft depends on management in recent months.",2024-04-18
"In my experience, Poor communication from management at Microsoft overall.",2024-04-07
"Personally, Working at Microsoft has been a great learning experience in recent months.",2024-02-11
"As an employee, Job stress at Microsoft has risen after restructuring based on my experience.",2024-01-16
"Personally, Overall experience at Microsoft is acceptable for most employees.",2024-01-09
"In my experience, Leadership encourages innovation and ownership at Microsoft for most employees.",2024-06-21
"Personally, Employee experience at Microsoft depends on management for most employees.",2024-04-09
"Honestly, I enjoy collaborating with talented colleagues at Microsoft overall.",2024-04-07
"Currently, Microsoft provides strong engineering standards overall.",2024-01-04
"Currently, Microsoft work culture depends a lot on the team these days.",2024-02-27
"Honestly, Job stress at Microsoft has risen after restructuring in recent months.",2024-05-30
"Personally, Workload at Microsoft varies by role based on my experience.",2024-03-16
"In my experience, Microsoft offers stability but growth can be slow based on my experience.",2024-02-14
"From what I see, My experience working at Microsoft has been average so far overall.",2024-04-19
"Personally, I enjoy collaborating with talented colleagues at Microsoft based on my experience.",2024-05-29
"As an employee, Work pressure at Microsoft has increased recently these days.",2024-02-09
"Currently, Microsoft provides strong engineering standards overall.",2024-06-09
"As an employee, Microsoft offers stability but growth can be slow these days.",2024-05-26
"Honestly, My experience working at Microsoft has been average so far in recent months.",2024-05-14
"Currently, The team culture at Microsoft is supportive and inclusive overall.",2024-05-09
"In my experience, Career growth opportunities at Microsoft are solid in recent months.",2024-02-26
"As an employee, Job stress at Microsoft has risen after restructuring in recent months.",2024-04-02
"Currently, Leadership encourages innovation and ownership at Microsoft overall.",2024-01-30
"Personally, Some teams at Microsoft are better than others for most employees.",2024-06-08
"Honestly, Working at Microsoft has been a great learning experience in recent months.",2024-04-07
"From what I see, Work pressure at Microsoft has increased recently in recent months.",2024-05-18
"Currently, My experience working at Microsoft has been average so far in recent months.",2024-05-11
"From what I see, Burnout is becoming common among Microsoft employees overall.",2024-03-16
"As an employee, Microsoft layoffs have affected employee morale for most employees.",2024-01-22
"Currently, Microsoft layoffs have affected employee morale for most employees.",2024-01-02
"Honestly, Microsoft work culture depends a lot on the team based on my experience.",2024-06-24
"Personally, My experience working at Microsoft has been average so far for most employees.",2024-06-28
"From what I see, Job stress at Microsoft has risen after restructuring overall.",2024-06-24
"Honestly, Leadership encourages innovation and ownership at Microsoft in recent months.",2024-01-10
"Personally, Working at Microsoft has been a great learning experience in recent months.",2024-05-22
"As an employee, Great benefits and compensation at Microsoft these days.",2024-04-09
"From what I see, Some teams at Microsoft are better than others in recent months.",2024-01-05
"Currently, Microsoft offers good work life balance and flexibility overall.",2024-06-13
"Honestly, My experience working at Microsoft has been average so far for most employees.",2024-01-12
"As an employee, My experience working at Microsoft has been average so far for most employees.",2024-01-28
"Currently, I enjoy collaborating with talented colleagues at Microsoft overall.",2024-03-13
"From what I see, Burnout is becoming common among Microsoft employees these days.",2024-06-18
"Currently, The team culture at Microsoft is supportive and inclusive based on my experience.",2024-02-04
"Currently, Employee experience at Microsoft depends on management in recent months.",2024-06-11
"In my experience, Microsoft provides strong engineering standards for most employees.",2024-05-22
"In my experience, Working at Microsoft has been a great learning experience for most employees.",2024-06-01
"As an employee, Microsoft offers good work life balance and flexibility based on my experience.",2024-03-29
"Personally, The team culture at Microsoft is supportive and inclusive based on my experience.",2024-02-26
"Personally, Overall experience at Microsoft is acceptable overall.",2024-02-16
"In my experience, Workload at Microsoft varies by role for most employees.",2024-04-28
"As an employee, My experience working at Microsoft has been average so far overall.",2024-03-05
"As an employee, Leadership encourages innovation and ownership at Microsoft in recent months.",2024-02-02
"In my experience, Microsoft work culture depends a lot on the team in recent months.",2024-06-07
"As an employee, Great benefits and compensation at Microsoft these days.",2024-04-25
"Honestly, I enjoy collaborating with talented colleagues at Microsoft for most employees.",2024-02-09
"As an employee, Overall experience at Microsoft is acceptable these days.",2024-02-13
"Personally, Great benefits and compensation at Microsoft these days.",2024-03-11
"Honestly, Microsoft layoffs have affected employee morale in recent months.",2024-05-02
"As an employee, Overall experience at Microsoft is acceptable these days.",2024-05-21
"As an employee, Microsoft offers good work life balance and flexibility based on my experience.",2024-05-17
"Honestly, Microsoft offers good work life balance and flexibility overall.",2024-01-05
"In my experience, Job stress at Microsoft has risen after restructuring for most employees.",2024-05-28
"Personally, Workload at Microsoft varies by role overall.",2024-05-21
"Honestly, Leadership encourages innovation and ownership at Microsoft based on my experience.",2024-04-03
"Personally, I enjoy collaborating with talented colleagues at Microsoft these days.",2024-05-08
"As an employee, Some teams at Microsoft are better than others for most employees.",2024-01-03
"Currently, Employee experience at Microsoft depends on management based on my experience.",2024-05-11
"Personally, The team culture at Microsoft is supportive and inclusive for most employees.",2024-05-24
"Honestly, Microsoft work culture depends a lot on the team these days.",2024-04-01
"Personally, Leadership encourages innovation and ownership at Microsoft overall.",2024-03-08
"Honestly, Working at Microsoft has been a great learning experience based on my experience.",2024-05-12
"From what I see, Management decisions at Microsoft are frustrating these days.",2024-04-26
"Honestly, Work pressure at Microsoft has increased recently in recent months.",2024-01-27
"Honestly, Workload at Microsoft varies by role in recent months.",2024-03-08
"Personally, Workload at Microsoft varies by role these days.",2024-06-16
"Currently, Microsoft offers good work life balance and flexibility in recent months.",2024-04-06
"Currently, Microsoft layoffs have affected employee morale these days.",2024-03-31
"From what I see, Management decisions at Microsoft are frustrating these days.",2024-06-03
"From what I see, The team culture at Microsoft is supportive and inclusive based on my experience.",2024-02-28
"Personally, I enjoy collaborating with talented colleagues at Microsoft based on my experience.",2024-02-17
"Honestly, Microsoft offers good work life balance and flexibility based on my experience.",2024-04-16
